{
  "landsat": {
    "B1": {
      "max": 50531.0,
      "mean": 11080.533608490567,
      "min": 8215.0,
      "std": 2854.333462116136
    },
    "B10": {
      "max": 37654.0,
      "mean": 28261.869234800837,
      "min": 10767.0,
      "std": 3978.8699828397107
    },
    "B11": {
      "max": 32976.0,
      "mean": 26282.929769392034,
      "min": 11041.0,
      "std": 3143.4369130133373
    },
    "B2": {
      "max": 52407.0,
      "mean": 10501.223466981131,
      "min": 7461.0,
      "std": 3023.2784269810295
    },
    "B3": {
      "max": 51527.0,
      "mean": 10295.795007861636,
      "min": 6732.0,
      "std": 3067.5253881988438
    },
    "B4": {
      "max": 54179.0,
      "mean": 11067.08608490566,
      "min": 6056.0,
      "std": 3484.1984632059325
    },
    "B5": {
      "max": 57646.0,
      "mean": 14989.848139412998,
      "min": 6271.0,
      "std": 3861.5384680391203
    },
    "B6": {
      "max": 38883.0,
      "mean": 14863.557914046121,
      "min": 5247.0,
      "std": 4337.042151301975
    },
    "B7": {
      "max": 31728.0,
      "mean": 12641.202306079664,
      "min": 5153.0,
      "std": 3746.985294559708
    },
    "B8": {
      "max": 53139.0,
      "mean": 10505.458464360587,
      "min": 6338.0,
      "std": 3196.1980711118304
    },
    "B9": {
      "max": 11739.0,
      "mean": 5211.343815513626,
      "min": 5016.0,
      "std": 401.3423874693267
    }
  },
  "sentinel1": {
    "vh": {
      "max": -0.550503134727478,
      "mean": -16.89236162293632,
      "min": -100.0,
      "std": 5.5654271610740444
    },
    "vv": {
      "max": 7.58668851852417,
      "mean": -11.217500954554016,
      "min": -100.0,
      "std": 5.833926034803785
    }
  },
  "sentinel2_l2a": {
    "B01": {
      "max": 16427.0,
      "mean": 1517.3670564727463,
      "min": 0.0,
      "std": 2379.6199756494416
    },
    "B02": {
      "max": 15096.0,
      "mean": 1529.8416371855346,
      "min": 0.0,
      "std": 2262.455509862289
    },
    "B03": {
      "max": 14544.0,
      "mean": 1691.3655332809224,
      "min": 0.0,
      "std": 2070.397715395594
    },
    "B04": {
      "max": 14160.0,
      "mean": 1908.6378406708595,
      "min": 0.0,
      "std": 1990.9676734184898
    },
    "B05": {
      "max": 15016.0,
      "mean": 2259.6731852725366,
      "min": 0.0,
      "std": 2044.9926074495654
    },
    "B06": {
      "max": 14138.0,
      "mean": 2621.973270440252,
      "min": 0.0,
      "std": 1867.7088513960687
    },
    "B07": {
      "max": 13680.0,
      "mean": 2770.7130503144654,
      "min": 0.0,
      "std": 1817.7099911989048
    },
    "B08": {
      "max": 13272.0,
      "mean": 2749.598303197065,
      "min": 0.0,
      "std": 1778.002513005812
    },
    "B09": {
      "max": 16177.0,
      "mean": 3449.5026205450736,
      "min": 0.0,
      "std": 3038.072529403053
    },
    "B11": {
      "max": 10494.0,
      "mean": 2780.092341457023,
      "min": 0.0,
      "std": 1487.6687990179767
    },
    "B12": {
      "max": 8443.0,
      "mean": 2293.5940775681343,
      "min": 0.0,
      "std": 1329.4722687683422
    },
    "B8A": {
      "max": 13330.0,
      "mean": 2888.3676297169814,
      "min": 0.0,
      "std": 1769.09585204316
    }
  }
}
