{
  "landsat": {
    "B1": {
      "max": 25601.0,
      "mean": 9379.11849720073,
      "min": 8261.0,
      "std": 794.9722330436186
    },
    "B10": {
      "max": 35482.0,
      "mean": 26737.29909731396,
      "min": 18317.0,
      "std": 2690.8339375221494
    },
    "B11": {
      "max": 31850.0,
      "mean": 25521.05530917783,
      "min": 16895.0,
      "std": 1990.3735557946625
    },
    "B2": {
      "max": 26122.0,
      "mean": 8723.238221047997,
      "min": 7532.0,
      "std": 844.9014482453432
    },
    "B3": {
      "max": 26304.0,
      "mean": 8607.76420865572,
      "min": 6801.0,
      "std": 879.22768940763
    },
    "B4": {
      "max": 27430.0,
      "mean": 8287.926157451091,
      "min": 6112.0,
      "std": 1199.587776414006
    },
    "B5": {
      "max": 34387.0,
      "mean": 17176.59273762345,
      "min": 8023.0,
      "std": 2353.5938930276416
    },
    "B6": {
      "max": 32693.0,
      "mean": 13562.948040510788,
      "min": 5860.0,
      "std": 2144.604437477722
    },
    "B7": {
      "max": 27384.0,
      "mean": 10092.54024344216,
      "min": 5373.0,
      "std": 1913.3293147699708
    },
    "B8": {
      "max": 29074.0,
      "mean": 8393.185813361011,
      "min": 6381.0,
      "std": 1010.922405021929
    },
    "B9": {
      "max": 8618.0,
      "mean": 5168.181704881425,
      "min": 5020.0,
      "std": 316.94985266519024
    }
  },
  "sentinel1": {
    "vh": {
      "max": -1.0868878364562988,
      "mean": -14.60274069313884,
      "min": -100.0,
      "std": 3.9752102867004875
    },
    "vv": {
      "max": 7.597310543060303,
      "mean": -8.74039333439731,
      "min": -100.0,
      "std": 4.248540022285194
    }
  },
  "sentinel2_l2a": {
    "B01": {
      "max": 12570.0,
      "mean": 402.6266984336667,
      "min": 71.0,
      "std": 569.7329294205382
    },
    "B02": {
      "max": 12472.0,
      "mean": 463.47346492262693,
      "min": 3.0,
      "std": 561.3088305673256
    },
    "B03": {
      "max": 11280.0,
      "mean": 732.4001374080015,
      "min": 77.0,
      "std": 524.0134863121616
    },
    "B04": {
      "max": 10696.0,
      "mean": 666.9700759184122,
      "min": 41.0,
      "std": 563.3841801661246
    },
    "B05": {
      "max": 11160.0,
      "mean": 1199.3000172988613,
      "min": 166.0,
      "std": 542.9446921385794
    },
    "B06": {
      "max": 10627.0,
      "mean": 2529.216731144241,
      "min": 292.0,
      "std": 632.0374222381051
    },
    "B07": {
      "max": 10308.0,
      "mean": 2967.676609580424,
      "min": 333.0,
      "std": 719.5685747659189
    },
    "B08": {
      "max": 10584.0,
      "mean": 3016.84307966912,
      "min": 309.0,
      "std": 752.8583225791356
    },
    "B09": {
      "max": 16691.0,
      "mean": 3214.5216314398945,
      "min": 381.0,
      "std": 837.3169404709016
    },
    "B11": {
      "max": 9001.0,
      "mean": 2192.862218500346,
      "min": 294.0,
      "std": 610.5858251495775
    },
    "B12": {
      "max": 7394.0,
      "mean": 1337.6200580298168,
      "min": 123.0,
      "std": 567.4889534325677
    },
    "B8A": {
      "max": 10247.0,
      "mean": 3207.97874205825,
      "min": 340.0,
      "std": 727.7362826695384
    }
  }
}
